<?xml version="1.0" encoding="utf-8"?>
<metadata>
    <layout title="COM_S7DUSERS_TITLE_ITEM_VIEW_PROFILE" option="View">
        <message>
                        <![CDATA[COM_S7DUSERS_TITLE_ITEM_VIEW_PROFILE_DESC]]>
        </message>
    </layout>
    <fields name="params">
        <fieldset 
            name="basic"
            label="COM_S7DUSERS_FIELDSET_ITEM_ID_SELECT_LABEL">
            <field
                name="item_id"
                query="SELECT `id` FROM #__s7dusers ORDER BY `id`"
                type="sql"
                key_field="id" 
                value_field="id"
                label="COM_S7DUSERS_ITEM_ID_SELECT_LABEL"
                require="true"
                description="JGLOBAL_SHOW_TITLE_DESC">
            </field>
        </fieldset>
    </fields>
</metadata>
