<?xml version="1.0" ?>
<extension version="3.8">
    <name>WF_FILESYSTEM_JOOMLA_TITLE</name>
    <version>2.7.7</version>
    <creationDate>03-04-2019</creationDate>
    <author>Ryan Demmer</author>
    <authorEmail>info@joomlacontenteditor.net</authorEmail>
    <authorUrl>https://www.joomlacontenteditor.net/</authorUrl>
    <copyright>Copyright (C) 2006 - 2019 Ryan Demmer. All rights reserved</copyright>
    <license>GNU/GPL Version 2 or later - http://www.gnu.org/licenses/gpl-2.0.html</license>
    <description>WF_FILESYSTEM_JOOMLA_DESC</description>
    <files></files>
    <fields>
        <fieldset name="filesystem.joomla">
            <field name="allow_root" type="radio" default="0" label="WF_PARAM_ALLOW_ROOT" description="WF_PARAM_ALLOW_ROOT_DESC" class="btn-group btn-group-yesno">
                <option value="1">JYES</option>
                <option value="0">JNO</option>
            </field>
            <field name="restricted_dir" type="text" default="" label="WF_PARAM_DIRECTORY_RESTRICTED" description="WF_PARAM_DIRECTORY_RESTRICTED_DESC" />
        </fieldset>
    </fields>
</extension>